{
  "recipes": [
    {
      "id": 1,
      "category": "Meals",
      "cookTime": 150,
      "prepTime": 30,
      "totalTime": 210,
      "name": "Beet Wellington",
      "description": "Gordon Ramsay's version of the classic steak dish – a showstopping centrepiece on a special occasions",
      "imageLink": "https://playswellwithbutter.com/wp-content/uploads/2020/12/Individual-Beef-Wellington-27.jpg",
      "username": "andrewtan"
    },
    {
      "id": 2,
      "category": "Lunch",
      "cookTime": 180,
      "prepTime": 30,
      "totalTime": 210,
      "name": "Napa Cabbage Kimchi",
      "description": "this dish is so common and iconic among Koreans that we simply call it “kimchi.” When people talk about kimchi, this is the side dish they’re referring to, despite the fact that there are many kinds of kimchi in Korean cuisine, and many made with napa cabbage, too.",
      "imageLink": "https://www.koreanbapsang.com/wp-content/uploads/2019/11/DSC6782-4-1.jpg",
      "username": "junarampho"
    },
    {
      "id": 3,
      "category": "Lunch",
      "cookTime": 15,
      "prepTime": 15,
      "totalTime": 30,
      "name": "Old-Fashion Potato Salad",
      "description": "This potato salad recipe is for the traditional creamy type of potato salad, with eggs, celery, and relish. It's perfect for making ahead to let the flavors develop.",
      "imageLink": "https://food.fnr.sndimg.com/content/dam/images/food/fullset/2011/6/3/1/FNM_070111-Insert-002_s4x3.jpg.rend.hgtvcom.616.462.suffix/1371597728929.jpeg",
      "username": "renatamoloek"
    },
    {
      "id": 4,
      "category": "Meals",
      "cookTime": 45,
      "prepTime": 15,
      "totalTime": 60,
      "name": "Churros",
      "description": "This churros recipe is astonishingly easy, and makes a truly great churros that’s hot and crisp on the outside, fluffy on the inside.",
      "imageLink": "https://bellyfull.net/wp-content/uploads/2021/03/Churros-blog-3.jpg",
      "username": "anthonio"
    },
    {
      "id": 5,
      "category": "Meals",
      "cookTime": 5,
      "prepTime": 2,
      "totalTime": 7,
      "name": "Melted Cheese Ramyun",
      "description": "Popular in Korea, melted cheese ramyun is an easy way to cut through the intense spice of Shin Ramyun and adds a delicious creamy flavour!",
      "imageLink": "https://www.dinnerwithjulie.com/wp-content/uploads/2015/02/Screen-shot-2015-02-08-at-11.28.46-PM.png",
      "username": "anthonio"
    }
  ]
}


  